scenario,rho,mu,propulsion,speed,Re,eff,L,freq
fish,1000.0,1e-05,Fin,0.12453131767791004,1245313.1767791004,0.9999991585988509,0.1,4.0
fish,1000.0,1e-05,Flagella,9.382936149434883e-07,9.382936149434883,0.09702061009574144,0.1,4.0
fish,1000.0,1.5135612484362071e-05,Fin,0.12452900071724864,822754.9486081946,0.9999986803942992,0.1,4.0
fish,1000.0,1.5135612484362071e-05,Flagella,1.420105861720572e-06,9.382546383159635,0.09702463223590684,0.1,4.0
fish,1000.0,2.290867652767775e-05,Fin,0.12452553006906439,543573.6539324542,0.9999979303852257,0.1,4.0
fish,1000.0,2.290867652767775e-05,Flagella,2.1492820678349616e-06,9.381956505598424,0.09703072000437823,0.1,4.0
fish,1000.0,3.467368504525317e-05,Fin,0.12452039808385001,359120.7508556893,0.9999967540565065,0.1,4.0
fish,1000.0,3.467368504525317e-05,Flagella,3.2527605234105938e-06,9.38106382164274,0.09703993424451858,0.1,4.0
fish,1000.0,5.248074602497723e-05,Fin,0.12451293159861841,237254.50003961223,0.9999949090252218,0.1,4.0
fish,1000.0,5.248074602497723e-05,Flagella,4.92254335310275e-06,9.37971299180838,0.09705388062918857,0.1,4.0
fish,1000.0,7.943282347242822e-05,Fin,0.1245022561463442,156739.05408833912,0.9999920150420205,0.1,4.0
fish,1000.0,7.943282347242822e-05,Flagella,7.448947357704937e-06,9.377669119731754,0.09707498949148267,0.1,4.0
fish,1000.0,0.00012022644346174131,Fin,0.12448720114988837,103543.9438824479,0.999987475505631,0.1,4.0
fish,1000.0,0.00012022644346174131,Flagella,1.1270720730326639e-05,9.374577177701534,0.0971069394003772,0.1,4.0
fish,1000.0,0.00018197008586099826,Fin,0.1244660479254713,68399.1807425685,0.9999803541982891,0.1,4.0
fish,1000.0,0.00018197008586099826,Flagella,1.7050416819795514e-05,9.369900958787172,0.09715529834618701,0.1,4.0
fish,1000.0,0.0002754228703338166,Fin,0.12443598822091764,45179.97654664603,0.9999691815130318,0.1,4.0
fish,1000.0,0.0002754228703338166,Flagella,2.578737928541052e-05,9.362831508565659,0.09722849438623142,0.1,4.0
fish,1000.0,0.0004168693834703355,Fin,0.12439227995360036,29839.629602458474,0.9999516493997606,0.1,4.0
fish,1000.0,0.0004168693834703355,Flagella,3.898625182434076e-05,9.352150426541227,0.09733928515042878,0.1,4.0
fish,1000.0,0.000630957344480193,Fin,0.12432722754259296,19704.53765698195,0.999924130173508,0.1,4.0
fish,1000.0,0.000630957344480193,Flagella,5.890634977929938e-05,9.336027275794484,0.09750698281341018,0.1,4.0
fish,1000.0,0.0009549925860214359,Fin,0.12422924038159593,13008.398410624673,0.9998809156706229,0.1,4.0
fish,1000.0,0.0009549925860214359,Flagella,8.892626159832834e-05,9.311722719105202,0.09776082327910525,0.1,4.0
fish,1000.0,0.001445439770745928,Fin,0.12408060602436977,8584.280613804975,0.9998130083835611,0.1,4.0
fish,1000.0,0.001445439770745928,Flagella,0.00013406686889612902,9.27516120764707,0.09814506835591892,0.1,4.0
fish,1000.0,0.002187761623949552,Fin,0.12385075423911168,5661.071703759238,0.9997061792008979,0.1,4.0
fish,1000.0,0.002187761623949552,Flagella,0.0002017189153485548,9.220333382774717,0.0987267314891263,0.1,4.0
fish,1000.0,0.003311311214825911,Fin,0.12347942484105921,3729.019014830082,0.9995377704048868,0.1,4.0
fish,1000.0,0.003311311214825911,Flagella,0.0003026041734932557,9.13849994341788,0.09960726860569652,0.1,4.0
fish,1000.0,0.005011872336272719,Fin,0.12281453834808147,2450.472200962274,0.9992710123038057,0.1,4.0
fish,1000.0,0.005011872336272719,Flagella,0.0004519315893288904,9.017220691319276,0.10094023295410876,0.1,4.0
fish,1000.0,0.007585775750291836,Fin,0.12115321665565507,1597.110442541017,0.9988401885819435,0.1,4.0
fish,1000.0,0.007585775750291836,Flagella,0.0006705351295978275,8.8393745303113,0.10295778997049634,0.1,4.0
fish,1000.0,0.01148153621496883,Fin,0.10592117698421709,922.5348855854709,0.9978973605614786,0.1,4.0
fish,1000.0,0.01148153621496883,Flagella,0.0009854200403092697,8.582649759224271,0.10600999394950665,0.1,4.0
fish,1000.0,0.017378008287493744,Fin,0.10057897375162157,578.771583530687,0.9965166382897831,0.1,4.0
fish,1000.0,0.017378008287493744,Flagella,0.0014285683856139287,8.22055302299523,0.110621055870417,0.1,4.0
fish,1000.0,0.026302679918953815,Fin,0.09410405660179934,357.7736447075402,0.9941417033217812,0.1,4.0
fish,1000.0,0.026302679918953815,Flagella,0.002032339390699025,7.7267388606835965,0.117563563386122,0.1,4.0
fish,1000.0,0.03981071705534969,Fin,0.0863586096058852,216.92301971305614,0.9899567859460415,0.1,4.0
fish,1000.0,0.03981071705534969,Flagella,0.002820483924463962,7.084735300151924,0.12793620922161023,0.1,4.0
fish,1000.0,0.060255958607435746,Fin,0.07726331356222674,128.2251836131145,0.9823625044427232,0.1,4.0
fish,1000.0,0.060255958607435746,Flagella,0.003797955459633983,6.303037155839565,0.14318535034573043,0.1,4.0
fish,1000.0,0.09120108393559097,Fin,0.06682956299708206,73.27715868407789,0.9680904922644488,0.1,4.0
fish,1000.0,0.09120108393559097,Flagella,0.004950887856180847,5.428540585852376,0.16492935583733084,0.1,4.0
fish,1000.0,0.13803842646028838,Fin,0.05517746697697749,39.97254126397278,0.9401616123061054,0.1,4.0
fish,1000.0,0.13803842646028838,Flagella,0.006269715462456265,4.542007340441518,0.19444923327993163,0.1,4.0
fish,1000.0,0.2089296130854041,Fin,0.042461562299977544,20.323381483801697,0.882879967147415,0.1,4.0
fish,1000.0,0.2089296130854041,Flagella,0.007782133031297666,3.724763051237053,0.2321400345227113,0.1,4.0
fish,1000.0,0.31622776601683794,Fin,0.028483911175613594,9.007403598486329,0.7570362819227707,0.1,4.0
fish,1000.0,0.31622776601683794,Flagella,0.009550630243230978,3.0201744658697818,0.27775316549557805,0.1,4.0
fish,1000.0,0.47863009232263803,Fin,0.010056042989431573,2.1010051709521287,0.39080440537033695,0.1,4.0
fish,1000.0,0.47863009232263803,Flagella,0.011632893603820964,2.430455959709986,0.3312410382358529,0.1,4.0
fish,1000.0,0.7244359600749891,Fin,0.00046861979294910816,0.06468753882684117,0.02,0.1,4.0
fish,1000.0,0.7244359600749891,Flagella,0.014061249711158458,1.9409927841935022,0.39285577706945135,0.1,4.0
fish,1000.0,1.096478196143185,Fin,0.0003096550531852228,0.02824087649662539,0.02,0.1,4.0
fish,1000.0,1.096478196143185,Flagella,0.01684495006919254,1.536277705151268,0.46262655542988645,0.1,4.0
fish,1000.0,1.6595869074375598,Fin,0.00020458738445501022,0.012327608969324654,0.02,0.1,4.0
fish,1000.0,1.6595869074375598,Flagella,0.019966675411966485,1.2031111671515589,0.5399721714505095,0.1,4.0
fish,1000.0,2.511886431509577,Fin,0.00016368070787667942,0.006516246348697846,0.02,0.1,4.0
fish,1000.0,2.511886431509577,Flagella,0.024385836841974946,0.9708176506737889,0.609645921049378,0.1,4.0
fish,1000.0,3.801893963205613,Fin,0.00013246088359453875,0.003484076222968953,0.02,0.1,4.0
fish,1000.0,3.801893963205613,Flagella,0.02796491932826495,0.735552322050718,0.6991229832066257,0.1,4.0
fish,1000.0,5.754399373371567,Fin,0.00010046669960222839,0.0017459111383046713,0.02,0.1,4.0
fish,1000.0,5.754399373371567,Flagella,0.031559877140774566,0.5484478065046654,0.7889969285193595,0.1,4.0
fish,1000.0,8.709635899560796,Fin,7.201254273405507e-05,0.0008268146173330446,0.02,0.1,4.0
fish,1000.0,8.709635899560796,Flagella,0.03499583306427368,0.4018059247004623,0.8748958266068355,0.1,4.0
fish,1000.0,13.182567385564074,Fin,4.9642620703670343e-05,0.00037657778831483795,0.02,0.1,4.0
fish,1000.0,13.182567385564074,Flagella,0.038100051592997716,0.28901844745902994,0.9525012898249432,0.1,4.0
fish,1000.0,19.952623149688797,Fin,3.347215229411259e-05,0.00016775815411837047,0.02,0.1,4.0
fish,1000.0,19.952623149688797,Flagella,0.04074061847489223,0.20418677869695376,1.0185154618723105,0.1,4.0
fish,1400.0,1e-05,Fin,0.1245326083313127,1743456.5166383774,0.9999994160954938,0.1,4.0
fish,1400.0,1e-05,Flagella,6.702252146300065e-07,9.383153004820091,0.09701837242420938,0.1,4.0
fish,1400.0,1.5135612484362071e-05,Fin,0.1245309510964733,1151874.9684903205,0.9999990842425204,0.1,4.0
fish,1400.0,1.5135612484362071e-05,Flagella,1.0143968122234543e-06,9.382874585221598,0.09702124537805885,0.1,4.0
fish,1400.0,2.290867652767775e-05,Fin,0.12452844903198416,761020.9539348306,0.9999985637758027,0.1,4.0
fish,1400.0,2.290867652767775e-05,Flagella,1.5352827543719384e-06,9.382453209480966,0.09702559377630283,0.1,4.0
fish,1400.0,3.467368504525317e-05,Fin,0.1245247091377115,502786.45769917255,0.9999977474804803,0.1,4.0
fish,1400.0,3.467368504525317e-05,Flagella,2.323586541122706e-06,9.381815498774417,0.09703217535854679,0.1,4.0
fish,1400.0,5.248074602497723e-05,Fin,0.12451919479387386,332173.0080369966,0.9999964671808552,0.1,4.0
fish,1400.0,5.248074602497723e-05,Flagella,3.5165287812181002e-06,9.380850438677573,0.09704213702107595,0.1,4.0
fish,1400.0,7.943282347242822e-05,Fin,0.12451119831240366,219450.43625179902,0.9999944590614726,0.1,4.0
fish,1400.0,7.943282347242822e-05,Flagella,5.321653137221207e-06,9.379390114082693,0.09705721468672111,0.1,4.0
fish,1400.0,0.00012022644346174131,Fin,0.1244998000818564,144976.1925046589,0.9999913092421681,0.1,4.0
fish,1400.0,0.00012022644346174131,Flagella,8.052750550307606e-06,9.377180631662148,0.09708003583805355,0.1,4.0
fish,1400.0,0.00018197008586099826,Fin,0.124483752583089,95772.47424582193,0.9999863683382382,0.1,4.0
fish,1400.0,0.00018197008586099826,Flagella,1.218398685317905e-05,9.373838295312158,0.09711457746032083,0.1,4.0
fish,1400.0,0.0002754228703338166,Fin,0.12446118135319797,63264.77306815112,0.9999786172549952,0.1,4.0
fish,1400.0,0.0002754228703338166,Flagella,1.843126641628139e-05,9.368783700322123,0.09716685925654248,0.1,4.0
fish,1400.0,0.0004168693834703355,Fin,0.12442899178971793,41787.81062198137,0.9999664561690933,0.1,4.0
fish,1400.0,0.0004168693834703355,Flagella,2.7874099220981377e-05,9.36114295190279,0.09724599307063575,0.1,4.0
fish,1400.0,0.000630957344480193,Fin,0.1243819681366693,27598.498839061136,0.999947372211522,0.1,4.0
fish,1400.0,0.000630957344480193,Flagella,4.213713585123571e-05,9.34960036646057,0.09736577168489435,0.1,4.0
fish,1400.0,0.0009549925860214359,Fin,0.12431173529998801,18223.851364650993,0.9999174150419441,0.1,4.0
fish,1400.0,0.0009549925860214359,Flagella,6.365830887673306e-05,9.332180556365685,0.09754707446038668,0.1,4.0
fish,1400.0,0.001445439770745928,Fin,0.12420583970622234,12030.12253488606,0.9998703672063403,0.1,4.0
fish,1400.0,0.001445439770745928,Flagella,9.607972365357203e-05,9.305929990122337,0.09782151016758282,0.1,4.0
fish,1400.0,0.002187761623949552,Fin,0.12404477844771657,7937.916449658307,0.9997964237449496,0.1,4.0
fish,1400.0,0.002187761623949552,Flagella,0.00014480576409416757,9.266460637784245,0.09823693356206716,0.1,4.0
fish,1400.0,0.003311311214825911,Fin,0.12379463530716349,5233.953506213719,0.9996800656171085,0.1,4.0
fish,1400.0,0.003311311214825911,Flagella,0.00021777349957378126,9.207316365741319,0.09886579807773353,0.1,4.0
fish,1400.0,0.005011872336272719,Fin,0.12338456775112189,3446.584095955535,0.9994965246484783,0.1,4.0
fish,1400.0,0.005011872336272719,Flagella,0.0003264568760419398,9.1191394312053,0.0998177924092117,0.1,4.0
fish,1400.0,0.007585775750291836,Fin,0.12262459734900862,2263.109824753355,0.9992053104958987,0.1,4.0
fish,1400.0,0.007585775750291836,Flagella,0.0004870435729335447,8.98867860786328,0.10125891061239915,0.1,4.0
fish,1400.0,0.01148153621496883,Fin,0.12044685486510756,1468.6675515712632,0.9987297985363169,0.1,4.0
fish,1400.0,0.01148153621496883,Flagella,0.0007215200506930082,8.797847710076258,0.10344004264779316,0.1,4.0
fish,1400.0,0.017378008287493744,Fin,0.10499576616505488,845.8625994376039,0.9976901255417613,0.1,4.0
fish,1400.0,0.017378008287493744,Flagella,0.0010579979465044971,8.523399808551446,0.10673914572800927,0.1,4.0
fish,1400.0,0.026302679918953815,Fin,0.09945218423318145,529.349322409243,0.9961635190922186,0.1,4.0
fish,1400.0,0.026302679918953815,Flagella,0.001529012619033766,8.138401384357548,0.11172103778922038,0.1,4.0
fish,1400.0,0.03981071705534969,Fin,0.09274663591936518,326.1566228676177,0.9935266394972295,0.1,4.0
fish,1400.0,0.03981071705534969,Flagella,0.002166110688988117,7.617433668343974,0.11921420754467021,0.1,4.0
fish,1400.0,0.060255958607435746,Fin,0.08475146317630808,196.91338614300852,0.9888564475950744,0.1,4.0
fish,1400.0,0.060255958607435746,Flagella,0.0029901863275785985,6.9474637120675435,0.1303846187808661,0.1,4.0
fish,1400.0,0.09120108393559097,Fin,0.07539990544502892,115.74409323642486,0.9803290835507983,0.1,4.0
fish,1400.0,0.09120108393559097,Flagella,0.004002075957229103,6.143464636974809,0.14673351847335442,0.1,4.0
fish,1400.0,0.13803842646028838,Fin,0.06472486188631824,65.64462444587058,0.9641878154941498,0.1,4.0
fish,1400.0,0.13803842646028838,Flagella,0.005186207358616329,5.259905149782083,0.16986446846537012,0.1,4.0
fish,1400.0,0.2089296130854041,Fin,0.05286271313761766,35.4223593772763,0.9323394524770636,0.1,4.0
fish,1400.0,0.2089296130854041,Flagella,0.006537919597689374,4.38094308489607,0.200921507017939,0.1,4.0
fish,1400.0,0.31622776601683794,Fin,0.03994989839410325,17.686573970473706,0.8663551808999398,0.1,4.0
fish,1400.0,0.31622776601683794,Flagella,0.008093314043257034,3.5830628674006237,0.24012641674081445,0.1,4.0
fish,1400.0,0.47863009232263803,Fin,0.02558629279076115,7.484027954289028,0.718157095683641,0.1,4.0
fish,1400.0,0.47863009232263803,Flagella,0.00991717419777607,2.9007879152586704,0.2872104902411953,0.1,4.0
fish,1400.0,0.7244359600749891,Fin,0.005797763670919263,1.1204398437712506,0.24480229704262463,0.1,4.0
fish,1400.0,0.7244359600749891,Flagella,0.012062834438230877,2.3311885583061187,0.3422078530688506,0.1,4.0
fish,1400.0,1.096478196143185,Fin,0.00043348909097800867,0.055348544960027765,0.02,0.1,4.0
fish,1400.0,1.096478196143185,Flagella,0.014558045207666901,1.8587933040915798,0.4053696292490185,0.1,4.0
fish,1400.0,1.6595869074375598,Fin,0.0002864221833206851,0.024162100511391633,0.02,0.1,4.0
fish,1400.0,1.6595869074375598,Flagella,0.017407630521719238,1.468478849838351,0.4766331891090928,0.1,4.0
fish,1400.0,2.511886431509577,Fin,0.00018923736251775437,0.010547145133692962,0.02,0.1,4.0
fish,1400.0,2.511886431509577,Flagella,0.02058824770839573,1.1474860658581543,0.5552725630565238,0.1,4.0
fish,1400.0,3.801893963205613,Fin,0.0001580595960545613,0.005820347348399167,0.02,0.1,4.0
fish,1400.0,3.801893963205613,Flagella,0.025050825434688177,0.9224653803598661,0.6262706358672067,0.1,4.0
fish,1400.0,5.754399373371567,Fin,0.00012636255340088814,0.00307430130032131,0.02,0.1,4.0
fish,1400.0,5.754399373371567,Flagella,0.028645238758217867,0.6969160751525667,0.7161309689554487,0.1,4.0
fish,1400.0,8.709635899560796,Fin,9.472902283321532e-05,0.0015226885887754409,0.02,0.1,4.0
fish,1400.0,8.709635899560796,Flagella,0.032224074698855576,0.51797463290828,0.8056018674713964,0.1,4.0
fish,1400.0,13.182567385564074,Fin,6.730588580301946e-05,0.0007147942989270393,0.02,0.1,4.0
fish,1400.0,13.182567385564074,Flagella,0.035610094591967976,0.37818226882988876,0.890252364799194,0.1,4.0
fish,1400.0,19.952623149688797,Fin,4.615256313197287e-05,0.00032383505617290126,0.02,0.1,4.0
fish,1400.0,19.952623149688797,Flagella,0.03863530076844594,0.2710892731749307,0.9658825192111533,0.1,4.0
fish,1.2,1e-05,Fin,0.12026028366363031,1443.1234039635638,0.9987054007780025,0.1,4.0
fish,1.2,1e-05,Flagella,0.0007324143491925273,8.788972190310327,0.1035436755359065,0.1,4.0
fish,1.2,1.5135612484362071e-05,Fin,0.10480162808378751,830.900988185848,0.9976450385648981,0.1,4.0
fish,1.2,1.5135612484362071e-05,Flagella,0.001073464352247312,8.51077037039421,0.10689581041911829,0.1,4.0
fish,1.2,2.290867652767775e-05,Fin,0.09921598736975265,519.7121915788481,0.9960865205627568,0.1,4.0
fish,1.2,2.290867652767775e-05,Flagella,0.0015503368190280449,8.120958801727177,0.11195728539807556,0.1,4.0
fish,1.2,3.467368504525317e-05,Fin,0.09246252203560086,319.997791691053,0.9933921518961386,0.1,4.0
fish,1.2,3.467368504525317e-05,Flagella,0.002194368937390312,7.5943549738993354,0.11956840483228898,0.1,4.0
fish,1.2,5.248074602497723e-05,Fin,0.08441585739663165,193.0213202909627,0.98861505549568,0.1,4.0
fish,1.2,5.248074602497723e-05,Flagella,0.003025821987170935,6.918701923324454,0.13090900668765418,0.1,4.0
fish,1.2,7.943282347242822e-05,Fin,0.07501191743953482,113.32129086244363,0.9798812422664458,0.1,4.0
fish,1.2,7.943282347242822e-05,Flagella,0.004044693645665787,6.110361136141257,0.14749071057064506,0.1,4.0
fish,1.2,0.00012022644346174131,Fin,0.06428798868728575,64.16690388857117,0.9633243709055921,0.1,4.0
fish,1.2,0.00012022644346174131,Flagella,0.005235182804455114,5.225322470214531,0.170911517039413,0.1,4.0
fish,1.2,0.00018197008586099826,Fin,0.052383469009836946,34.54422880243152,0.930599746956694,0.1,4.0
fish,1.2,0.00018197008586099826,Flagella,0.006593791457686526,4.3482695036303936,0.2022848210915552,0.1,4.0
fish,1.2,0.0002754228703338166,Fin,0.03942948592316961,17.17917725948342,0.862653467771033,0.1,4.0
fish,1.2,0.0002754228703338166,Flagella,0.008158300322190984,3.5545197734536726,0.2417986967297278,0.1,4.0
fish,1.2,0.0004168693834703355,Fin,0.024973459133581944,7.188858704570918,0.7092305303005955,0.1,4.0
fish,1.2,0.0004168693834703355,Flagella,0.00999375794371058,2.8768026648102563,0.28918456112240437,0.1,4.0
fish,1.2,0.000630957344480193,Fin,0.004974818200353237,0.9461466599365796,0.21246946701759234,0.1,4.0
fish,1.2,0.000630957344480193,Flagella,0.01215254431171692,2.3112581700866617,0.3444928419096259,0.1,4.0
fish,1.2,0.0009549925860214359,Fin,0.0004266143148639724,0.05360640337214889,0.02,0.1,4.0
fish,1.2,0.0009549925860214359,Flagella,0.014661494849179528,1.8422963776412522,0.4079718531572212,0.1,4.0
fish,1.2,0.001445439770745928,Fin,0.0002818771743163667,0.023401363102461388,0.02,0.1,4.0
fish,1.2,0.001445439770745928,Flagella,0.017524501247923718,1.454879125586541,0.4795386479898724,0.1,4.0
fish,1.2,0.002187761623949552,Fin,0.0001862344826770737,0.010215069903687174,0.02,0.1,4.0
fish,1.2,0.002187761623949552,Flagella,0.020716940869710924,1.13633627957935,0.5584365208801894,0.1,4.0
fish,1.2,0.003311311214825911,Fin,0.00015688830808899883,0.005685541391092004,0.02,0.1,4.0
fish,1.2,0.003311311214825911,Flagella,0.025187855468000522,0.9127932894459062,0.6296963867000175,0.1,4.0
fish,1.2,0.005011872336272719,Fin,0.00012511097515952052,0.002995550567097589,0.02,0.1,4.0
fish,1.2,0.005011872336272719,Flagella,0.02878474382931343,0.6891973753039455,0.7196185957328348,0.1,4.0
fish,1.2,0.007585775750291836,Fin,9.357082722922121e-05,0.001480204482326619,0.02,0.1,4.0
fish,1.2,0.007585775750291836,Flagella,0.032359487861975116,0.5118973551633956,0.8089871965493757,0.1,4.0
fish,1.2,0.01148153621496883,Fin,6.636877831831107e-05,0.0006936574731013858,0.02,0.1,4.0
fish,1.2,0.01148153621496883,Flagella,0.035734510328939754,0.37348148881699206,0.8933627582234992,0.1,4.0
fish,1.2,0.017378008287493744,Fin,4.5463774558872114e-05,0.0003139400589992162,0.02,0.1,4.0
fish,1.2,0.017378008287493744,Flagella,0.03874296105462469,0.2675309649783499,0.9685740263656202,0.1,4.0
fish,1.2,0.026302679918953815,Fin,3.055469031682558e-05,0.00013939883119578738,0.02,0.1,4.0
fish,1.2,0.026302679918953815,Flagella,0.041266986438527546,0.18827124794439093,1.0316746609631886,0.1,4.0
fish,1.2,0.03981071705534969,Fin,2.0343938976718436e-05,6.132199713489357e-05,0.02,0.1,4.0
fish,1.2,0.03981071705534969,Flagella,0.04326246612151808,0.13040448197314108,1.081561653037951,0.1,4.0
fish,1.2,0.060255958607435746,Fin,1.3487303812649036e-05,2.6860023388926057e-05,0.02,0.1,4.0
fish,1.2,0.060255958607435746,Flagella,0.044757409698180484,0.08913457337510314,1.1189352424545118,0.1,4.0
fish,1.2,0.09120108393559097,Fin,8.924428618538231e-06,1.17425296719161e-05,0.02,0.1,4.0
fish,1.2,0.09120108393559097,Flagella,0.045827946172170855,0.060299212502170664,1.145698654304267,0.1,4.0
fish,1.2,0.13803842646028838,Fin,5.900208948536312e-06,5.129188241131145e-06,0.02,0.1,4.0
fish,1.2,0.13803842646028838,Flagella,0.04656798166857178,0.040482624610591635,1.164199541714293,0.1,4.0
fish,1.2,0.2089296130854041,Fin,3.8993555624489536e-06,2.2396186954244815e-06,0.02,0.1,4.0
fish,1.2,0.2089296130854041,Flagella,0.06293894302899046,0.03614936653518595,1.16823079356899,0.1,4.0
fish,1.2,0.31622776601683794,Fin,2.5766037319532493e-06,9.777523704794683e-07,0.02,0.1,4.0
fish,1.2,0.31622776601683794,Flagella,0.09526194518621395,0.036149366535185884,1.16823079356899,0.1,4.0
fish,1.2,0.47863009232263803,Fin,2.5570453927461354e-06,6.410910054579184e-07,0.02,0.1,4.0
fish,1.2,0.47863009232263803,Flagella,0.14418478868450754,0.0361493665351859,1.16823079356899,0.1,4.0
fish,1.2,0.7244359600749891,Fin,2.5570453927461354e-06,4.235646268826489e-07,0.02,0.1,4.0
fish,1.2,0.7244359600749891,Flagella,0.21823250876683328,0.03614936653518578,1.16823079356899,0.1,4.0
fish,1.2,1.096478196143185,Fin,2.5570453927461354e-06,2.798463737891478e-07,0.02,0.1,4.0
fish,1.2,1.096478196143185,Flagella,0.3303082684184945,0.036149366535185794,1.16823079356899,0.1,4.0
fish,1.2,1.6595869074375598,Fin,2.5570453927461354e-06,1.848926656111747e-07,0.02,0.1,4.0
fish,1.2,1.6595869074375598,Flagella,0.499941795116299,0.036149366535185835,1.16823079356899,0.1,4.0
fish,1.2,2.511886431509577,Fin,2.5570453927461354e-06,1.2215737275396258e-07,0.02,0.1,4.0
fish,1.2,2.511886431509577,Flagella,0.7566925275616636,0.03614936653518582,1.16823079356899,0.1,4.0
fish,1.2,3.801893963205613,Fin,2.5570453927461354e-06,8.070857580436458e-08,0.02,0.1,4.0
fish,1.2,3.801893963205613,Flagella,1.1453004866985836,0.03614936653518584,1.16823079356899,0.1,4.0
fish,1.2,5.754399373371567,Fin,2.5570453927461354e-06,5.332362723196811e-08,0.02,0.1,4.0
fish,1.2,5.754399373371567,Flagella,1.5062240663900415,0.031410209170258434,1.1726237430301472,0.1,4.0
fish,1.2,8.709635899560796,Fin,2.5570453927461354e-06,3.5230571136160776e-08,0.02,0.1,4.0
fish,1.2,8.709635899560796,Flagella,1.5062240663900415,0.02075251939933787,1.1823986174629226,0.1,4.0
fish,1.2,13.182567385564074,Fin,2.5570453927461354e-06,2.3276607519226923e-08,0.02,0.1,4.0
fish,1.2,13.182567385564074,Flagella,1.5062240663900415,0.013711053596793045,1.188716890953753,0.1,4.0
fish,1.2,19.952623149688797,Fin,2.5570453927461354e-06,1.5378702079797574e-08,0.02,0.1,4.0
fish,1.2,19.952623149688797,Flagella,1.5062240663900415,0.009058803276682148,1.1927809751256082,0.1,4.0
fish,900.0,1e-05,Fin,0.12453081556464793,1120777.3400818314,0.9999990566224826,0.1,4.0
fish,900.0,1e-05,Flagella,1.042539091035012e-06,9.382851819315107,0.09702148030190844,0.1,4.0
fish,900.0,1.5135612484362071e-05,Fin,0.12452824531423642,740474.9619389882,0.9999985204571821,0.1,4.0
fish,900.0,1.5135612484362071e-05,Flagella,1.5778739382107135e-06,9.382418754819854,0.09702594934859941,0.1,4.0
fish,900.0,2.290867652767775e-05,Fin,0.12452440652537994,489211.8745377504,0.9999976795392562,0.1,4.0
fish,900.0,2.290867652767775e-05,Flagella,2.388042022084451e-06,9.381763356252138,0.0970327135405094,0.1,4.0
fish,900.0,3.467368504525317e-05,Fin,0.12451875214598213,323204.4035271235,0.9999963606185149,0.1,4.0
fish,900.0,3.467368504525317e-05,Flagella,3.614065751359474e-06,9.380771533162484,0.09704295159589946,0.1,4.0
fish,900.0,5.248074602497723e-05,Fin,0.12451056212306173,213524.98658731516,0.9999942919178493,0.1,4.0
fish,900.0,5.248074602497723e-05,Flagella,5.469234717863833e-06,9.37927072098931,0.09705844760351061,0.1,4.0
fish,900.0,7.943282347242822e-05,Fin,0.12449890014707013,141061.34622201393,0.9999910470638099,0.1,4.0
fish,900.0,7.943282347242822e-05,Flagella,8.27601762206587e-06,9.377000003587547,0.09708190195114744,0.1,4.0
fish,900.0,0.00012022644346174131,Fin,0.12448248937253106,93186.02231707014,0.9999859570627901,0.1,4.0
fish,900.0,0.00012022644346174131,Flagella,1.2521671034794048e-05,9.373565088366643,0.09711740197777059,0.1,4.0
fish,900.0,0.00018197008586099826,Fin,0.1244593969011523,61555.97315956698,0.9999779720296426,0.1,4.0
fish,900.0,0.00018197008586099826,Flagella,1.8941813375968802e-05,9.368370607570148,0.09717113442957553,0.1,4.0
fish,900.0,0.0002754228703338166,Fin,0.12442641948913417,40658.85211511112,0.9999654437573795,0.1,4.0
fish,900.0,0.0002754228703338166,Flagella,2.864556579967276e-05,9.360518677500716,0.09725246401611104,0.1,4.0
fish,900.0,0.0004168693834703355,Fin,0.12437815037726208,26852.616137855937,0.9999457832538232,0.1,4.0
fish,900.0,0.0004168693834703355,Flagella,4.3301879677393514e-05,9.348657698299736,0.0973755663243448,0.1,4.0
fish,900.0,0.000630957344480193,Fin,0.12430604016451742,17731.061715468735,0.9999149202866575,0.1,4.0
fish,900.0,0.000630957344480193,Flagella,6.541456447499174e-05,9.330758813180074,0.09756190027499216,0.1,4.0
fish,900.0,0.0009549925860214359,Fin,0.12419719574632927,11704.538632846245,0.9998664479554872,0.1,4.0
fish,900.0,0.0009549925860214359,Flagella,9.87227785967747e-05,9.3037895830432,0.09784395215460583,0.1,4.0
fish,900.0,0.001445439770745928,Fin,0.12403145522449051,7722.792188320307,0.9997902607850973,0.1,4.0
fish,900.0,0.001445439770745928,Flagella,0.00014877184180212685,9.263247098342744,0.09827090543832048,0.1,4.0
fish,900.0,0.002187761623949552,Fin,0.12377351966112526,5091.787262174841,0.9996703586528689,0.1,4.0
fish,900.0,0.002187761623949552,Flagella,0.00022369890580849298,9.202511508734927,0.09891722528445758,0.1,4.0
fish,900.0,0.003311311214825911,Fin,0.12334934410149145,3352.581575367835,0.9994811871475247,0.1,4.0
fish,900.0,0.003311311214825911,Flagella,0.00033525185151927085,9.11199965187225,0.09989564455687215,0.1,4.0
fish,900.0,0.005011872336272719,Fin,0.12254671221147702,2200.6155302900715,0.9991807980895054,0.1,4.0
fish,900.0,0.005011872336272719,Flagella,0.0004999714303366436,8.978167381606147,0.10137675599826687,0.1,4.0
fish,900.0,0.007585775750291836,Fin,0.1201156056668318,1425.088859184767,0.9986876266948596,0.1,4.0
fish,900.0,0.007585775750291836,Flagella,0.000740252532165988,8.782585998851317,0.10361836536421365,0.1,4.0
fish,900.0,0.01148153621496883,Fin,0.10466268423644746,820.4164847731437,0.9976124233390253,0.1,4.0
fish,900.0,0.01148153621496883,Flagella,0.0010845829757360375,8.50169053937077,0.10700871532349375,0.1,4.0
fish,900.0,0.017378008287493744,Fin,0.09904699589377132,512.9603739949091,0.9960307838918233,0.1,4.0
fish,900.0,0.017378008287493744,Flagella,0.00156564915282817,8.108433453558739,0.11212752281361589,0.1,4.0
fish,900.0,0.026302679918953815,Fin,0.09225950870631058,315.6847822789541,0.993294733159179,0.1,4.0
fish,900.0,0.026302679918953815,Flagella,0.002214630196759859,7.5778102582147495,0.11982356354863252,0.1,4.0
fish,900.0,0.03981071705534969,Fin,0.08417600482125064,190.2965079322662,0.9884399996277352,0.1,4.0
fish,900.0,0.03981071705534969,Flagella,0.0030513280350768423,6.8981305404548845,0.13128654534172265,0.1,4.0
fish,900.0,0.060255958607435746,Fin,0.07473486208789433,111.6260987851991,0.9795560881205362,0.1,4.0
fish,900.0,0.060255958607435746,Flagella,0.004075146865012207,6.086754344753534,0.14803525363353426,0.1,4.0
fish,900.0,0.09120108393559097,Fin,0.0639762995080367,63.1337557324394,0.9626966084150311,0.1,4.0
fish,900.0,0.09120108393559097,Flagella,0.00527014987113515,5.200743981695858,0.17166318723856877,0.1,4.0
fish,900.0,0.13803842646028838,Fin,0.052041851122367,33.9308895437205,0.9293329797698099,0.1,4.0
fish,900.0,0.13803842646028838,Flagella,0.006633696755492263,4.325119630120248,0.20326146802303627,0.1,4.0
fish,900.0,0.2089296130854041,Fin,0.03905830722141655,16.82503307221731,0.859951814973764,0.1,4.0
fish,900.0,0.2089296130854041,Flagella,0.008204748193928978,3.5343354469898025,0.24299467696757354,0.1,4.0
fish,900.0,0.31622776601683794,Fin,0.02453284617802711,6.9821704268210105,0.7026556636629904,0.1,4.0
fish,900.0,0.31622776601683794,Flagella,0.010048499058605673,2.8598529682126537,0.29059516082977394,0.1,4.0
fish,900.0,0.47863009232263803,Fin,0.004400165682788524,0.8273924222550113,0.18912263633319937,0.1,4.0
fish,900.0,0.47863009232263803,Flagella,0.012216641198173443,2.2971763068638262,0.3461247563683809,0.1,4.0
fish,900.0,0.7244359600749891,Fin,0.0004217928769050562,0.05240126251811897,0.02,0.1,4.0
fish,900.0,0.7244359600749891,Flagella,0.014735363998213027,1.8306418136696228,0.40982925193518177,0.1,4.0
fish,900.0,1.096478196143185,Fin,0.0002786898815853177,0.022875137354216223,0.02,0.1,4.0
fish,900.0,1.096478196143185,Flagella,0.017607890553702415,1.445272833885222,0.4816109630912646,0.1,4.0
fish,900.0,1.6595869074375598,Fin,0.00018421855408174632,0.009990239012524244,0.02,0.1,4.0
fish,900.0,1.6595869074375598,Flagella,0.020808679002245527,1.1284622105712527,0.5606911205099223,0.1,4.0
fish,900.0,2.511886431509577,Fin,0.00015605200746631603,0.005591288083644754,0.02,0.1,4.0
fish,900.0,2.511886431509577,Flagella,0.02528539913943083,0.905966883694319,0.6321349784857695,0.1,4.0
fish,900.0,3.801893963205613,Fin,0.00012422136435011008,0.002940619307037017,0.02,0.1,4.0
fish,900.0,3.801893963205613,Flagella,0.028883905701911433,0.6837517138379593,0.7220976425477893,0.1,4.0
fish,900.0,5.754399373371567,Fin,9.275153249269087e-05,0.0014506532103021562,0.02,0.1,4.0
fish,900.0,5.754399373371567,Flagella,0.03245557717242046,0.5076119601699446,0.8113894293105076,0.1,4.0
fish,900.0,8.709635899560796,Fin,6.570844017787794e-05,0.0006789904519782774,0.02,0.1,4.0
fish,900.0,8.709635899560796,Flagella,0.0358226268114316,0.37016890834568916,0.8955656702857907,0.1,4.0
fish,900.0,13.182567385564074,Fin,4.4979592406606806e-05,0.0003070845912024439,0.02,0.1,4.0
fish,900.0,13.182567385564074,Flagella,0.038819056447823325,0.2650253913459973,0.9704764111955849,0.1,4.0
fish,900.0,19.952623149688797,Fin,3.0218413114364204e-05,0.0001363057458605485,0.02,0.1,4.0
fish,900.0,19.952623149688797,Flagella,0.04132880947200591,0.18642124519544923,1.033220236800148,0.1,4.0
fish,1100.0,1e-05,Fin,0.12453172855365845,1369849.014090243,0.9999992413175393,0.1,4.0
fish,1100.0,1e-05,Flagella,8.530004679872192e-07,9.38300514785941,0.09701989810911561,0.1,4.0
fish,1100.0,1.5135612484362071e-05,Fin,0.12452962024999469,905034.9460025015,0.9999988101276935,0.1,4.0
fish,1100.0,1.5135612484362071e-05,Flagella,1.291019697431704e-06,9.382650808760642,0.09702355459879371,0.1,4.0
fish,1100.0,2.290867652767775e-05,Fin,0.12452645436976471,597935.4575164834,0.9999981338585148,0.1,4.0
fish,1100.0,2.290867652767775e-05,Flagella,1.9539257017973833e-06,9.382114542410878,0.09702908893060731,0.1,4.0
fish,1100.0,3.467368504525317e-05,Fin,0.12452175757201085,395037.1388286106,0.9999970731908174,0.1,4.0
fish,1100.0,3.467368504525317e-05,Flagella,2.957130407479417e-06,9.381302979426682,0.09703746550532587,0.1,4.0
fish,1100.0,5.248074602497723e-05,Fin,0.12451489717866003,260984.06991268657,0.9999954095825441,0.1,4.0
fish,1100.0,5.248074602497723e-05,Flagella,4.475212067336991e-06,9.380074878752309,0.09705014402033274,0.1,4.0
fish,1100.0,7.943282347242822e-05,Fin,0.12450504992241884,172416.8283684378,0.9999928001929408,0.1,4.0
fish,1100.0,7.943282347242822e-05,Flagella,6.772165702113489e-06,9.378216644798707,0.09706933385747614,0.1,4.0
fish,1100.0,0.00012022644346174131,Fin,0.12449112883178957,113901.93186455351,0.9999887071301509,0.1,4.0
fish,1100.0,0.00012022644346174131,Flagella,1.0247014978093737e-05,9.37540540279728,0.09709837914344349,0.1,4.0
fish,1100.0,0.00018197008586099826,Fin,0.12447157337335621,75242.43892223039,0.9999822863472663,0.1,4.0
fish,1100.0,0.00018197008586099826,Flagella,1.550245082748738e-05,9.3711534121395,0.09714234162687349,0.1,4.0
fish,1100.0,0.0002754228703338166,Fin,0.12444389648921489,49701.13265184759,0.9999722130341794,0.1,4.0
fish,1100.0,0.0002754228703338166,Flagella,2.3447812134538098e-05,9.364724620265159,0.09720888304219992,0.1,4.0
fish,1100.0,0.0004168693834703355,Fin,0.12440389021443383,32826.65618105175,0.9999564068360619,0.1,4.0
fish,1100.0,0.0004168693834703355,Flagella,3.545288383708964e-05,9.35500993048431,0.0973096009349602,0.1,4.0
fish,1100.0,0.000630957344480193,Fin,0.12434462812673991,21678.025010089674,0.999931598628763,0.1,4.0
fish,1100.0,0.000630957344480193,Flagella,5.357597612371278e-05,9.340341982172474,0.09746205118005521,0.1,4.0
fish,1100.0,0.0009549925860214359,Fin,0.12425550985085237,14312.264077919204,0.9998926459397703,0.1,4.0
fish,1100.0,0.0009549925860214359,Flagella,8.08984890062313e-05,9.31822290658673,0.09769281052494604,0.1,4.0
fish,1100.0,0.001445439770745928,Fin,0.12412050566596303,9445.745094041578,0.9998314467982932,0.1,4.0
fish,1100.0,0.001445439770745928,Flagella,0.00012200734428762625,9.284930540352434,0.09804211436211312,0.1,4.0
fish,1100.0,0.002187761623949552,Fin,0.12391306184237946,6230.311681788622,0.9997352009358039,0.1,4.0
fish,1100.0,0.002187761623949552,Flagella,0.00018367180305007123,9.234963313340266,0.09857087963642491,0.1,4.0
fish,1100.0,0.003311311214825911,Fin,0.12358314872190085,4105.36656854943,0.9995835717451403,0.1,4.0
fish,1100.0,0.003311311214825911,Flagella,0.0002757506619671939,9.160290546108044,0.09937133456995814,0.1,4.0
fish,1100.0,0.005011872336272719,Fin,0.12300917318126652,2699.7912440846803,0.9993437586453784,0.1,4.0
fish,1100.0,0.005011872336272719,Flagella,0.0004123137174974467,9.049414247141188,0.10058308187864466,0.1,4.0
fish,1100.0,0.007585775750291836,Fin,0.12174466925074194,1765.398036854228,0.9989595974177894,0.1,4.0
fish,1100.0,0.007585775750291836,Flagella,0.0006128178430563568,8.886363762283096,0.10241726570311045,0.1,4.0
fish,1100.0,0.01148153621496883,Fin,0.11126613412205137,1065.9962677702429,0.9982021946962317,0.1,4.0
fish,1100.0,0.01148153621496883,Flagella,0.0009028673275468185,8.650010257396524,0.10519252558279693,0.1,4.0
fish,1100.0,0.017378008287493744,Fin,0.10190308562075132,645.0301572447493,0.9969021677611976,0.1,4.0
fish,1100.0,0.017378008287493744,Flagella,0.0013135553735803614,8.314594440481663,0.1093870470340048,0.1,4.0
fish,1100.0,0.026302679918953815,Fin,0.0957009194667936,400.22922279343203,0.9948097620901682,0.1,4.0
fish,1100.0,0.026302679918953815,Flagella,0.0018777959219952124,7.8530990779622885,0.11570905078981637,0.1,4.0
fish,1100.0,0.03981071705534969,Fin,0.08825763040018537,243.8624587073546,0.9911448578291013,0.1,4.0
fish,1100.0,0.03981071705534969,Flagella,0.0026222945311627313,7.24559665747439,0.1251766809263971,0.1,4.0
fish,1100.0,0.060255958607435746,Fin,0.07947560072771138,145.08633307128946,0.9845422491544569,0.1,4.0
fish,1100.0,0.060255958607435746,Flagella,0.003556955959520444,6.493385294827351,0.13916172760051135,0.1,4.0
fish,1100.0,0.09120108393559097,Fin,0.06934272516290421,83.63606482250125,0.9722393906932685,0.1,4.0
fish,1100.0,0.09120108393559097,Flagella,0.00467112910563078,5.633970337263364,0.1592755810479806,0.1,4.0
fish,1100.0,0.13803842646028838,Fin,0.057955719103945834,46.183727711993825,0.9483984231299731,0.1,4.0
fish,1100.0,0.13803842646028838,Flagella,0.005951071690111491,4.742287366631117,0.18693579493369833,0.1,4.0
fish,1100.0,0.2089296130854041,Fin,0.04547703578589794,23.94334562044067,0.9000663562424432,0.1,4.0
fish,1100.0,0.2089296130854041,Flagella,0.007414159994597741,3.9035040909800385,0.22276012988280786,0.1,4.0
fish,1100.0,0.31622776601683794,Fin,0.03186757579218128,11.085153531247126,0.7960609017481993,0.1,4.0
fish,1100.0,0.31622776601683794,Flagella,0.009117867216986878,3.1716550589525165,0.2665729504728229,0.1,4.0
fish,1100.0,0.47863009232263803,Fin,0.015173075865924318,3.487115356981355,0.5265165451739533,0.1,4.0
fish,1100.0,0.47863009232263803,Flagella,0.011124198000092404,2.5565918224492052,0.3182307881808002,0.1,4.0
fish,1100.0,0.7244359600749891,Fin,0.0005153979125379393,0.07825918853242009,0.02,0.1,4.0
fish,1100.0,0.7244359600749891,Flagella,0.013471333017404944,2.045517773249622,0.37795806909193425,0.1,4.0
fish,1100.0,1.096478196143185,Fin,0.00034061934363170703,0.03417133868350534,0.02,0.1,4.0
fish,1100.0,1.096478196143185,Flagella,0.016173747686379112,1.622569652328385,0.4458781161074771,0.1,4.0
fish,1100.0,1.6595869074375598,Fin,0.00022504612074630007,0.014916406710098364,0.02,0.1,4.0
fish,1100.0,1.6595869074375598,Flagella,0.019221000000102958,1.2739977584397002,0.5215747627786067,0.1,4.0
fish,1100.0,2.511886431509577,Fin,0.00017032715387866912,0.00745893074289739,0.02,0.1,4.0
fish,1100.0,2.511886431509577,Flagella,0.022847099158538563,1.0005153401497087,0.5998321862037661,0.1,4.0
fish,1100.0,3.801893963205613,Fin,0.00013986949194051625,0.004046836724631898,0.02,0.1,4.0
fish,1100.0,3.801893963205613,Flagella,0.027134538664703896,0.7850821937708012,0.6783634666175918,0.1,4.0
fish,1100.0,5.754399373371567,Fin,0.0001076539838184877,0.0020578930052773383,0.02,0.1,4.0
fish,1100.0,5.754399373371567,Flagella,0.030740680321344152,0.5876329771262667,0.7685170080336098,0.1,4.0
fish,1100.0,8.709635899560796,Fin,7.806633178253354e-05,0.000985953557084025,0.02,0.1,4.0
fish,1100.0,8.709635899560796,Flagella,0.034229183093034764,0.43230396582062564,0.8557295773258699,0.1,4.0
fish,1100.0,13.182567385564074,Fin,5.421099174329583e-05,0.00045235566922212096,0.02,0.1,4.0
fish,1100.0,13.182567385564074,Flagella,0.03742345336394968,0.3122745175224696,0.9355863340987491,0.1,4.0
fish,1100.0,19.952623149688797,Fin,3.6694708082795825e-05,0.0002023001115605442,0.02,0.1,4.0
fish,1100.0,19.952623149688797,Flagella,0.04017893564477044,0.22150886566479772,1.0044733911192638,0.1,4.0
